Year,GDP_Forecast
2026,13582.568944729821
2027,14662.01250873759
2028,15798.012351048967
2029,16996.195199513335
2030,18261.968550744412
